ポジション,個人氏名,年齢,性別,学歴,経験職種,転職回数,総数
中村 愛菜(1) / necessitatibus(1),佐々木 颯太,0,,0.0,0.0,,0.0
中村 愛菜(1) / necessitatibus(1),木村 杏,0,,0.0,0.0,,0.0
中村 愛菜(1) / necessitatibus(1),井上 愛菜,0,,0.0,0.0,,0.0
中村 愛菜(1) / necessitatibus(1),吉田 蒼空,0,,0.0,0.0,,0.0
中村 愛菜(1) / necessitatibus(1),清水 樹,0,,0.0,0.0,,0.0
中村 愛菜(1) / necessitatibus(1),吉田 結愛,0,,0.0,0.0,,0.0
中村 愛菜(1) / necessitatibus(1),伊藤 心愛,0,,0.0,0.0,,0.0
中村 愛菜(1) / necessitatibus(1),佐々木 美咲,0,,0.0,0.0,,0.0
中村 愛菜(1) / necessitatibus(1),伊藤 陽菜,0,,0.0,0.0,,0.0
中村 愛菜(1) / necessitatibus(1),加藤 太一,0,,0.0,0.0,,0.0
中村 愛菜(1) / necessitatibus(1),佐々木 陸斗,0,,0.0,0.0,,0.0
中村 愛菜(1) / necessitatibus(1),伊藤 陸斗,0,,0.0,0.0,,0.0
中村 愛菜(1) / necessitatibus(1),吉田 蓮,0,,0.0,0.0,,0.0
中村 愛菜(1) / necessitatibus(1),佐々木 蒼空,0,,0.0,0.0,,0.0
中村 愛菜(1) / necessitatibus(1),松本 莉子,0,,0.0,0.0,,0.0
中村 愛菜(1) / necessitatibus(1),小林 颯太,0,,0.0,0.0,,0.0
中村 愛菜(1) / necessitatibus(1),加藤 大翔,0,,0.0,0.0,,0.0
中村 愛菜(1) / necessitatibus(1),林 莉子,0,,0.0,0.0,,0.0
中村 愛菜(1) / necessitatibus(1),小林 莉子,0,,0.0,0.0,,0.0
中村 愛菜(1) / necessitatibus(1),斎藤 蒼空,0,,0.0,0.0,,0.0
中村 愛菜(1) / necessitatibus(1),松本 蓮,0,,0.0,0.0,,0.0
中村 愛菜(1) / necessitatibus(1),清水 陽菜,0,,0.0,0.0,,0.0
中村 愛菜(1) / necessitatibus(1),山口 結菜,0,,0.0,0.0,,0.0
中村 愛菜(1) / necessitatibus(1),林 太一,0,,0.0,0.0,,0.0
中村 愛菜(1) / necessitatibus(1),渡辺 颯太,0,,0.0,0.0,,0.0
中村 愛菜(1) / necessitatibus(1),山田 美羽,0,,0.0,0.0,,0.0
中村 愛菜(1) / necessitatibus(1),鈴木 颯太,0,,0.0,0.0,,0.0
中村 愛菜(1) / necessitatibus(1),佐藤 結衣,0,,0.0,0.0,,0.0
中村 愛菜(1) / necessitatibus(1),中村 心愛,0,,0.0,0.0,,0.0
中村 愛菜(1) / necessitatibus(1),山田 翼,0,,0.0,0.0,,0.0
中村 愛菜(1) / necessitatibus(1),松本 海翔,0,,0.0,0.0,,0.0
中村 愛菜(1) / necessitatibus(1),中村 翼,0,,0.0,0.0,,0.0
中村 愛菜(1) / necessitatibus(1),林 美羽,0,,0.0,0.0,,0.0
中村 愛菜(1) / necessitatibus(1),木村 陽翔,0,,0.0,0.0,,0.0
中村 愛菜(1) / necessitatibus(1),渡辺 海翔,0,,0.0,0.0,,0.0
中村 愛菜(1) / necessitatibus(1),井上 陽翔,0,,0.0,0.0,,0.0
中村 愛菜(1) / necessitatibus(1),斎藤 結菜,0,,0.0,0.0,,0.0
中村 愛菜(1) / necessitatibus(1),中村 陽菜,0,,0.0,0.0,,0.0
中村 愛菜(1) / necessitatibus(1),斎藤 結衣,0,,0.0,0.0,,0.0
中村 愛菜(1) / necessitatibus(1),山口 結菜,0,,0.0,0.0,,0.0
